{
"__comment":"Made by Know2Good, part of the 'Default 3D™' resource pack || Official download page: http://www.planetminecraft.com/texture_pack/default-3d-2985741/ || © Know2Good. All rights reserved. ",
"__comment":"No UV-bleed, OK coordinate, OK texture, OK cullface",

"textures": {
	"block": 	"blocks/rail_normal",
	"golden": 	"blocks/rail_golden",
	"rail": 	"custom/rail_activator_powered",
	"particle":	"blocks/rail_normal"
},
"elements":[
	{
		"__comment": "Left rail outer",
		"from":[1.98,1,0],
		"to":[3,1.75,16],
		"faces": {
			"down":{"uv":	[2.01,0.01,2.99,15.99],"texture":"#block","cullface":"Know2Good","rotation":180},
			"up":{"uv":		[2.01,0.01,2.99,15.99],"texture":"#block","cullface":"Know2Good"},
			"north":{"uv":	[2.01,0.01,2.99,0.99],"texture":"#block","cullface":"Know2Good"},
			"south":{"uv":	[2.01,0.01,2.99,0.99],"texture":"#block","cullface":"Know2Good"},
			"west":{"uv":	[2.01,0.01,2.99,15.99],"texture":"#block","cullface":"Know2Good","rotation":270}
		}
	},
	{
		"__comment": "Left rail inner",
		"from":[3,1,0],
		"to":[4,2.5,16],
		"faces": {
			"down":{"uv":	[3.01,0.01,3.99,15.99],"texture":"#block","cullface":"Know2Good","rotation":180},
			"up":{"uv":		[3.01,0.01,3.99,15.99],"texture":"#block","cullface":"Know2Good"},
			"north":{"uv":	[3.01,0.01,3.99,0.99],"texture":"#block","cullface":"Know2Good"},
			"south":{"uv":	[3.01,0.01,3.99,0.99],"texture":"#block","cullface":"Know2Good"},
			"west":{"uv":	[3.01,0.01,3.99,15.99],"texture":"#block","cullface":"Know2Good","rotation":270},
			"east":{"uv":	[3.01,0.01,3.99,15.99],"texture":"#block","cullface":"Know2Good","rotation":90}
		}
	},
	{
		"__comment": "Left rail golden",
		"from":[4,1,0],
		"to":[5,2,16],
		"faces": {
			"down":{"uv":	[4.01,0.01,4.99,15.99],"texture":"#golden","cullface":"Know2Good","rotation":180},
			"up":{"uv":		[4.01,0.01,4.99,15.99],"texture":"#golden","cullface":"Know2Good"},
			"north":{"uv":	[4.01,0.01,4.99,0.99],"texture":"#golden","cullface":"Know2Good"},
			"south":{"uv":	[4.01,0.01,4.99,0.99],"texture":"#golden","cullface":"Know2Good"},
			"west":{"uv":	[4.01,0.01,4.99,15.99],"texture":"#golden","cullface":"Know2Good","rotation":270},
			"east":{"uv":	[4.01,0.01,4.99,15.99],"texture":"#golden","cullface":"Know2Good","rotation":90}
		}
	},
	{
		"__comment": "Right rail outer",
		"from":[13,1,0],
		"to":[14.02,1.75,16],
		"faces": {
			"down":{"uv":	[13.01,0.01,13.99,15.99],"texture":"#block","cullface":"Know2Good","rotation":180},
			"up":{"uv":		[13.01,0.01,13.99,15.99],"texture":"#block","cullface":"Know2Good"},
			"north":{"uv":	[13.01,0.01,13.99,0.99],"texture":"#block","cullface":"Know2Good"},
			"south":{"uv":	[13.01,0.01,13.99,0.99],"texture":"#block","cullface":"Know2Good"},
			"east":{"uv":	[13.01,0.01,13.99,15.99],"texture":"#block","cullface":"Know2Good","rotation":90}
		}
	},
	{
		"__comment": "Right rail inner",
		"from":[12,1,0],
		"to":[13,2.5,16],
		"faces": {
			"down":{"uv":	[12.01,0.01,12.99,15.99],"texture":"#block","cullface":"Know2Good","rotation":180},
			"up":{"uv":		[12.01,0.01,12.99,15.99],"texture":"#block","cullface":"Know2Good"},
			"north":{"uv":	[12.01,0.01,12.99,0.99],"texture":"#block","cullface":"Know2Good"},
			"south":{"uv":	[12.01,0.01,12.99,0.99],"texture":"#block","cullface":"Know2Good"},
			"west":{"uv":	[12.01,0.01,12.99,15.99],"texture":"#block","cullface":"Know2Good","rotation":270},
			"east":{"uv":	[12.01,0.01,12.99,15.99],"texture":"#block","cullface":"Know2Good","rotation":90}
		}
	},
	{
		"__comment": "Right rail golden",
		"from":[11,1,0],
		"to":[12,2,16],
		"faces": {
			"down":{"uv":	[11.01,0.01,11.99,15.99],"texture":"#golden","cullface":"Know2Good","rotation":180},
			"up":{"uv":		[11.01,0.01,11.99,15.99],"texture":"#golden","cullface":"Know2Good"},
			"north":{"uv":	[11.01,0.01,11.99,0.99],"texture":"#golden","cullface":"Know2Good"},
			"south":{"uv":	[11.01,0.01,11.99,0.99],"texture":"#golden","cullface":"Know2Good"},
			"west":{"uv":	[11.01,0.01,11.99,15.99],"texture":"#golden","cullface":"Know2Good","rotation":270},
			"east":{"uv":	[11.01,0.01,11.99,15.99],"texture":"#golden","cullface":"Know2Good","rotation":90}
		}
	},
	{
		"__comment": "Activator north",
		"from":[6.98,1,2.98],
		"to":[9.02,2,5.02],
		"faces": {
			"down":{"uv":	[8.99,3.01,7.01,4.99],"texture":"#rail","cullface":"down","rotation":180},
			"up":{"uv":		[7.01,3.01,8.99,4.99],"texture":"#rail","cullface":"Know2Good"},
			"north":{"uv":	[7.01,3.01,8.99,3.99],"texture":"#rail","cullface":"Know2Good","rotation":180},
			"south":{"uv":	[7.01,4.01,8.99,4.99],"texture":"#rail","cullface":"Know2Good"},
			"west":{"uv":	[7.01,3.01,7.99,4.99],"texture":"#rail","cullface":"Know2Good","rotation":270},
			"east":{"uv":	[8.01,3.01,8.99,4.99],"texture":"#rail","cullface":"Know2Good","rotation":90}
		}
	},
	{
		"__comment": "Activator middle",
		"from":[6.98,1,6.98],
		"to":[9.02,2,9.02],
		"faces": {
			"down":{"uv":	[8.99,7.01,7.01,8.99],"texture":"#rail","cullface":"down","rotation":180},
			"up":{"uv":		[7.01,7.01,8.99,8.99],"texture":"#rail","cullface":"Know2Good"},
			"north":{"uv":	[7.01,7.01,8.99,7.99],"texture":"#rail","cullface":"Know2Good","rotation":180},
			"south":{"uv":	[7.01,8.01,8.99,8.99],"texture":"#rail","cullface":"Know2Good"},
			"west":{"uv":	[7.01,7.01,7.99,8.99],"texture":"#rail","cullface":"Know2Good","rotation":270},
			"east":{"uv":	[8.01,7.01,8.99,8.99],"texture":"#rail","cullface":"Know2Good","rotation":90}
		}
	},
	{
		"__comment": "Activator south",
		"from":[6.98,1,10.98],
		"to":[9.02,2,13.02],
		"faces": {
			"down":{"uv":	[8.99,11.01,7.01,12.99],"texture":"#rail","cullface":"down","rotation":180},
			"up":{"uv":		[7.01,11.01,8.99,12.99],"texture":"#rail","cullface":"Know2Good"},
			"north":{"uv":	[7.01,11.01,8.99,11.99],"texture":"#rail","cullface":"Know2Good","rotation":180},
			"south":{"uv":	[7.01,12.01,8.99,12.99],"texture":"#rail","cullface":"Know2Good"},
			"west":{"uv":	[7.01,11.01,7.99,12.99],"texture":"#rail","cullface":"Know2Good","rotation":270},
			"east":{"uv":	[8.01,11.01,8.99,12.99],"texture":"#rail","cullface":"Know2Good","rotation":90}
		}
	},
	{
		"__comment": "First tie",
		"from":[1,0,1.02],
		"to":[15,1.02,2.98],
		"faces": {
			"down":{"uv":	[14.99,1.01,1.01,2.99],"texture":"#block","cullface":"down","rotation":180},
			"up":{"uv":		[1.01,1.01,14.99,2.99],"texture":"#block","cullface":"Know2Good"},
			"north":{"uv":	[1.01,1.01,14.99,1.99],"texture":"#block","cullface":"Know2Good","rotation":180},
			"south":{"uv":	[1.01,2.01,14.99,2.99],"texture":"#block","cullface":"Know2Good"},
			"west":{"uv":	[1.01,1.01,1.99,2.99],"texture":"#block","cullface":"Know2Good","rotation":270},
			"east":{"uv":	[14.01,1.01,14.99,2.99],"texture":"#block","cullface":"Know2Good","rotation":90}
		}
	},
	{
		"__comment": "First tie overlay",
		"from":[6,-0.002,0.998],
		"to":[10,1.022,3.002],
		"faces": {
			"down":{"uv":	[9.99,1.01,6.01,2.99],"texture":"#rail","cullface":"Know2Good","rotation":180},
			"up":{"uv":		[6.01,1.01,9.99,2.99],"texture":"#rail","cullface":"Know2Good"},
			"north":{"uv":	[6.01,1.01,9.99,1.99],"texture":"#rail","cullface":"Know2Good","rotation":180},
			"south":{"uv":	[6.01,2.01,9.99,2.99],"texture":"#rail","cullface":"Know2Good"}
		}
	},
	{
		"__comment": "First tie left activator",
		"from":[5,1,1],
		"to":[6,2,3],
		"rotation": {"origin": [ 8, 1, 8 ], "axis": "y", "angle": 0 },
		"faces": {
			"up":{"uv":		[5.01,1.01,5.99,2.99],"texture":"#rail","cullface":"Know2Good"},
			"north":{"uv":	[5.01,1.01,5.99,1.99],"texture":"#rail","cullface":"Know2Good","rotation":180},
			"south":{"uv":	[5.01,2.01,5.99,2.99],"texture":"#rail","cullface":"Know2Good"},
			"east":{"uv":	[5.01,1.01,5.99,2.99],"texture":"#rail","cullface":"Know2Good","rotation":90}
		}
	},
	{
		"__comment": "First tie right activator",
		"from":[10,1,1],
		"to":[11,2,3],
		"rotation": {"origin": [ 8, 1, 8 ], "axis": "y", "angle": 0 },
		"faces": {
			"up":{"uv":		[10.01,1.01,10.99,2.99],"texture":"#rail","cullface":"Know2Good"},
			"north":{"uv":	[10.01,1.01,10.99,1.99],"texture":"#rail","cullface":"Know2Good","rotation":180},
			"south":{"uv":	[10.01,2.01,10.99,2.99],"texture":"#rail","cullface":"Know2Good"},
			"west":{"uv":	[10.01,1.01,10.99,2.99],"texture":"#rail","cullface":"Know2Good","rotation":270}
		}
	},
	{
		"__comment": "Second tie",
		"from":[1,0,5.02],
		"to":[15,1.02,6.98],
		"faces": {
			"down":{"uv":	[14.99,5.01,1.01,6.99],"texture":"#block","cullface":"down","rotation":180},
			"up":{"uv":		[1.01,5.01,14.99,6.99],"texture":"#block","cullface":"Know2Good"},
			"north":{"uv":	[1.01,5.01,14.99,5.99],"texture":"#block","cullface":"Know2Good","rotation":180},
			"south":{"uv":	[1.01,6.01,14.99,6.99],"texture":"#block","cullface":"Know2Good"},
			"west":{"uv":	[1.01,5.01,1.99,6.99],"texture":"#block","cullface":"Know2Good","rotation":270},
			"east":{"uv":	[14.01,5.01,14.99,6.99],"texture":"#block","cullface":"Know2Good","rotation":90}
		}
	},
	{
		"__comment": "Second tie overlay",
		"from":[6,-0.002,4.998],
		"to":[10,1.022,7.002],
		"faces": {
			"down":{"uv":	[9.99,5.01,6.01,6.99],"texture":"#rail","cullface":"Know2Good","rotation":180},
			"up":{"uv":		[6.01,5.01,9.99,6.99],"texture":"#rail","cullface":"Know2Good"},
			"north":{"uv":	[6.01,5.01,9.99,5.99],"texture":"#rail","cullface":"Know2Good","rotation":180},
			"south":{"uv":	[6.01,6.01,9.99,6.99],"texture":"#rail","cullface":"Know2Good"}
		}
	},
	{
		"__comment": "Second tie left activator",
		"from":[5,1,5],
		"to":[6,2,7],
		"rotation": {"origin": [ 8, 1, 8 ], "axis": "y", "angle": 0 },
		"faces": {
			"up":{"uv":		[5.01,5.01,5.99,6.99],"texture":"#rail","cullface":"Know2Good"},
			"north":{"uv":	[5.01,5.01,5.99,5.99],"texture":"#rail","cullface":"Know2Good","rotation":180},
			"south":{"uv":	[5.01,6.01,5.99,6.99],"texture":"#rail","cullface":"Know2Good"},
			"east":{"uv":	[5.01,5.01,5.99,6.99],"texture":"#rail","cullface":"Know2Good","rotation":90}
		}
	},
	{
		"__comment": "Second tie right activator",
		"from":[10,1,5],
		"to":[11,2,7],
		"rotation": {"origin": [ 8, 1, 8 ], "axis": "y", "angle": 0 },
		"faces": {
			"up":{"uv":		[10.01,5.01,10.99,6.99],"texture":"#rail","cullface":"Know2Good"},
			"north":{"uv":	[10.01,5.01,10.99,5.99],"texture":"#rail","cullface":"Know2Good","rotation":180},
			"south":{"uv":	[10.01,6.01,10.99,6.99],"texture":"#rail","cullface":"Know2Good"},
			"west":{"uv":	[10.01,5.01,10.99,6.99],"texture":"#rail","cullface":"Know2Good","rotation":270}
		}
	},
	{
		"__comment": "Third tie",
		"from":[1,0,9.02],
		"to":[15,1.02,10.98],
		"faces": {
			"down":{"uv":	[14.99,9.01,1.01,10.99],"texture":"#block","cullface":"down","rotation":180},
			"up":{"uv":		[1.01,9.01,14.99,10.99],"texture":"#block","cullface":"Know2Good"},
			"north":{"uv":	[1.01,9.01,14.99,9.99],"texture":"#block","cullface":"Know2Good","rotation":180},
			"south":{"uv":	[1.01,10.01,14.99,10.99],"texture":"#block","cullface":"Know2Good"},
			"west":{"uv":	[1.01,9.01,1.99,10.99],"texture":"#block","cullface":"Know2Good","rotation":270},
			"east":{"uv":	[14.01,9.01,14.99,10.99],"texture":"#block","cullface":"Know2Good","rotation":90}
		}
	},
	{
		"__comment": "Third tie overlay",
		"from":[6,-0.002,8.998],
		"to":[10,1.022,11.002],
		"faces": {
			"down":{"uv":	[9.99,9.01,6.01,10.99],"texture":"#rail","cullface":"Know2Good","rotation":180},
			"up":{"uv":		[6.01,9.01,9.99,10.99],"texture":"#rail","cullface":"Know2Good"},
			"north":{"uv":	[6.01,9.01,9.99,9.99],"texture":"#rail","cullface":"Know2Good","rotation":180},
			"south":{"uv":	[6.01,10.01,9.99,10.99],"texture":"#rail","cullface":"Know2Good"}
		}
	},
	{
		"__comment": "Third tie left activator",
		"from":[5,1,9],
		"to":[6,2,11],
		"rotation": {"origin": [ 8, 1, 8 ], "axis": "y", "angle": 0 },
		"faces": {
			"up":{"uv":		[5.01,9.01,5.99,10.99],"texture":"#rail","cullface":"Know2Good"},
			"north":{"uv":	[5.01,9.01,5.99,9.99],"texture":"#rail","cullface":"Know2Good","rotation":180},
			"south":{"uv":	[5.01,10.01,5.99,10.99],"texture":"#rail","cullface":"Know2Good"},
			"east":{"uv":	[5.01,9.01,5.99,10.99],"texture":"#rail","cullface":"Know2Good","rotation":90}
		}
	},
	{
		"__comment": "Third tie right activator",
		"from":[10,1,9],
		"to":[11,2,11],
		"rotation": {"origin": [ 8, 1, 8 ], "axis": "y", "angle": 0 },
		"faces": {
			"up":{"uv":		[10.01,9.01,10.99,10.99],"texture":"#rail","cullface":"Know2Good"},
			"north":{"uv":	[10.01,9.01,10.99,9.99],"texture":"#rail","cullface":"Know2Good","rotation":180},
			"south":{"uv":	[10.01,10.01,10.99,10.99],"texture":"#rail","cullface":"Know2Good"},
			"west":{"uv":	[10.01,9.01,10.99,10.99],"texture":"#rail","cullface":"Know2Good","rotation":270}
		}
	},
	{
		"__comment": "Fourth tie",
		"from":[1,0,13.02],
		"to":[15,1.02,14.98],
		"faces": {
			"down":{"uv":	[14.99,13.01,1.01,14.99],"texture":"#block","cullface":"down","rotation":180},
			"up":{"uv":		[1.01,13.01,14.99,14.99],"texture":"#block","cullface":"Know2Good"},
			"north":{"uv":	[1.01,13.01,14.99,13.99],"texture":"#block","cullface":"Know2Good","rotation":180},
			"south":{"uv":	[1.01,14.01,14.99,14.99],"texture":"#block","cullface":"Know2Good"},
			"west":{"uv":	[1.01,13.01,1.99,14.99],"texture":"#block","cullface":"Know2Good","rotation":270},
			"east":{"uv":	[14.01,13.01,14.99,14.99],"texture":"#block","cullface":"Know2Good","rotation":90}
		}
    },
	{
		"__comment": "Fourth tie overlay",
		"from":[6,-0.002,12.998],
		"to":[10,1.022,15.002],
		"faces": {
			"down":{"uv":	[9.99,13.01,6.01,14.99],"texture":"#rail","cullface":"Know2Good","rotation":180},
			"up":{"uv":		[6.01,13.01,9.99,14.99],"texture":"#rail","cullface":"Know2Good"},
			"north":{"uv":	[6.01,13.01,9.99,13.99],"texture":"#rail","cullface":"Know2Good","rotation":180},
			"south":{"uv":	[6.01,14.01,9.99,14.99],"texture":"#rail","cullface":"Know2Good"}
		}
	},
	{
		"__comment": "Fourth tie left activator",
		"from":[5,1,13],
		"to":[6,2,15],
		"rotation": {"origin": [ 8, 1, 8 ], "axis": "y", "angle": 0 },
		"faces": {
			"up":{"uv":		[5.01,13.01,5.99,14.99],"texture":"#rail","cullface":"Know2Good"},
			"north":{"uv":	[5.01,13.01,5.99,13.99],"texture":"#rail","cullface":"Know2Good","rotation":180},
			"south":{"uv":	[5.01,14.01,5.99,14.99],"texture":"#rail","cullface":"Know2Good"},
			"east":{"uv":	[5.01,13.01,5.99,14.99],"texture":"#rail","cullface":"Know2Good","rotation":90}
		}
	},
	{
		"__comment": "Fourth tie right activator",
		"from":[10,1,13],
		"to":[11,2,15],
		"rotation": {"origin": [ 8, 1, 8 ], "axis": "y", "angle": 0 },
		"faces": {
			"up":{"uv":		[10.01,13.01,10.99,14.99],"texture":"#rail","cullface":"Know2Good"},
			"north":{"uv":	[10.01,13.01,10.99,13.99],"texture":"#rail","cullface":"Know2Good","rotation":180},
			"south":{"uv":	[10.01,14.01,10.99,14.99],"texture":"#rail","cullface":"Know2Good"},
			"west":{"uv":	[10.01,13.01,10.99,14.99],"texture":"#rail","cullface":"Know2Good","rotation":270}
            }
        }
    ]
}