{
    "parent": "block/layered_cube_2",
    "display": {
        "firstperson_righthand": {
            "rotation": [ 0, 135, 0 ],
            "translation": [ 0, 0, 0 ],
            "scale": [ 0.40, 0.40, 0.40 ]
        }
    },
    "textures": {
        "particle": "#bot_front",
        "bot_down": "#top_all",
        "bot_up": "#top_all",
        "bot_north": "#bot_front",
        "bot_east": "#side_all",
        "bot_south": "#side_all",
        "bot_west": "#side_all",
        "top_down": "#top_all",
        "top_up": "#top_all",
        "top_north": "#top_front",
        "top_east": "#side_all",
        "top_south": "#side_all",
        "top_west": "#side_all"
    }
}