{
	"credit": "Made with Blockbench",
	"textures": {
		"0": "block/torch/torch",
		"particle": "block/torch/torch"
	},
	"elements": [
		{
			"from": [1, 3, 7],
			"to": [3, 13, 9],
			"rotation": {"angle": -22.5, "axis": "z", "origin": [2, 8, 8]},
			"faces": {
				"north": {"uv": [9, 6, 7, 16], "texture": "#0"},
				"east": {"uv": [7, 6, 9, 16], "texture": "#0"},
				"south": {"uv": [9, 6, 7, 16], "texture": "#0"},
				"west": {"uv": [7, 6, 9, 16], "texture": "#0"},
				"up": {"uv": [9, 6, 7, 8], "texture": "#0"},
				"down": {"uv": [9, 14, 7, 16], "texture": "#0"}
			}
		},
		{
			"from": [0.75, 10, 6.75],
			"to": [3.25, 11, 9.25],
			"rotation": {"angle": -22.5, "axis": "z", "origin": [2, 8, 8]},
			"faces": {
				"north": {"uv": [12, 15, 9, 16], "texture": "#0"},
				"east": {"uv": [12, 13, 9, 14], "texture": "#0"},
				"south": {"uv": [12, 15, 9, 16], "texture": "#0"},
				"west": {"uv": [12, 13, 9, 14], "texture": "#0"},
				"up": {"uv": [12, 13, 9, 16], "texture": "#0"},
				"down": {"uv": [12, 13, 9, 16], "texture": "#0"}
			}
		},
		{
			"from": [3.85, 12, 7],
			"to": [3.85, 18, 9],
			"rotation": {"angle": 0, "axis": "y", "origin": [3.85, 15, 8]},
			"faces": {
				"north": {"uv": [0, 0, 0, 4], "texture": "#missing"},
				"east": {"uv": [9, 0, 7, 6], "texture": "#0"},
				"south": {"uv": [0, 0, 0, 4], "texture": "#missing"},
				"west": {"uv": [7, 0, 9, 6], "texture": "#0"},
				"up": {"uv": [0, 0, 4, 0], "rotation": 270, "texture": "#missing"}
			}
		},
		{
			"from": [2.85, 12, 8],
			"to": [4.85, 18, 8],
			"rotation": {"angle": 0, "axis": "y", "origin": [10.85, 20, 16]},
			"faces": {
				"north": {"uv": [7, 0, 9, 6], "texture": "#0"},
				"east": {"uv": [0, 0, 0, 4], "texture": "#missing"},
				"south": {"uv": [9, 0, 7, 6], "texture": "#0"},
				"west": {"uv": [0, 0, 0, 4], "texture": "#missing"},
				"up": {"uv": [0, 0, 4, 0], "texture": "#missing"}
			}
		},
		{
			"from": [0, 6, 6.375],
			"to": [3.25, 7, 9.625],
			"rotation": {"angle": 0, "axis": "y", "origin": [1.625, 6.5, 8]},
			"faces": {
				"north": {"uv": [8, 13, 12, 14], "texture": "#0"},
				"east": {"uv": [8, 13, 12, 14], "texture": "#0"},
				"south": {"uv": [8, 13, 12, 14], "texture": "#0"},
				"west": {"uv": [8, 13, 12, 14], "texture": "#0", "cullface": "west"},
				"up": {"uv": [9, 13, 12, 16], "texture": "#0"},
				"down": {"uv": [9, 13, 12, 16], "texture": "#0"}
			}
		}
	]
}